plant,error,time
1,0.008995323,2.504833459854126
2,0.0089358045,0.8721363544464111
3,0.008930848,0.7398104667663574
4,0.008988421,0.6593794822692871
5,0.00885039,0.8459868431091309
